{"best": {"forget_times": 3, "ratio_l": 0.5, "avg_steps": 20, "sigma": 0.01, "times": 20, "ITERATION": 3}, "trials": [{"loss": -39.72850678733032, "best_acc": 39.32788371779938, "test_at_best": 39.72850678733032, "stable_acc": 36.588235294117645, "params": {"forget_times": 1, "ratio_l": 0.5, "avg_steps": 20, "sigma": 0.01, "times": 20, "ITERATION": 1}, "iteration": 1, "train_time": 573.4298164844513, "status": "ok"}, {"loss": -42.76018099547511, "best_acc": 41.41689369832246, "test_at_best": 42.76018099547511, "stable_acc": 38.15384615384615, "params": {"forget_times": 2, "ratio_l": 0.5, "avg_steps": 20, "sigma": 0.01, "times": 20, "ITERATION": 2}, "iteration": 2, "train_time": 535.2453529834747, "status": "ok"}, {"loss": -45.113122171945705, "best_acc": 44.41416891654116, "test_at_best": 45.113122171945705, "stable_acc": 39.574660633484164, "params": {"forget_times": 3, "ratio_l": 0.5, "avg_steps": 20, "sigma": 0.01, "times": 20, "ITERATION": 3}, "iteration": 3, "train_time": 665.4506645202637, "status": "ok"}, {"loss": -44.841628959276015, "best_acc": 43.596730238302094, "test_at_best": 44.841628959276015, "stable_acc": 39.6289592760181, "params": {"forget_times": 4, "ratio_l": 0.5, "avg_steps": 20, "sigma": 0.01, "times": 20, "ITERATION": 4}, "iteration": 4, "train_time": 524.6341822147369, "status": "ok"}]}