{"best": {"q": 0.7, "ITERATION": 3}, "trials": [{"loss": -49.00452488687783, "best_acc": 48.59218891223488, "test_at_best": 49.00452488687783, "stable_acc": 42.04524886877827, "params": {"q": 0.1, "ITERATION": 1}, "iteration": 1, "train_time": 570.0145530700684, "status": "ok"}, {"loss": -47.69230769230769, "best_acc": 48.86466847626758, "test_at_best": 47.69230769230769, "stable_acc": 44.217194570135746, "params": {"q": 0.4, "ITERATION": 2}, "iteration": 2, "train_time": 479.1207444667816, "status": "ok"}, {"loss": -49.09502262443439, "best_acc": 49.50045412567721, "test_at_best": 49.09502262443439, "stable_acc": 46.886877828054295, "params": {"q": 0.7, "ITERATION": 3}, "iteration": 3, "train_time": 728.1101765632629, "status": "ok"}, {"loss": -41.90045248868778, "best_acc": 44.95912804460655, "test_at_best": 41.90045248868778, "stable_acc": 41.53846153846154, "params": {"q": 1.0, "ITERATION": 4}, "iteration": 4, "train_time": 678.3746263980865, "status": "ok"}]}