{"best": {"forget_times": 1, "ratio_l": 0.5, "avg_steps": 20, "sigma": 0.01, "times": 20, "ITERATION": 1}, "trials": [{"loss": -50.588235294117645, "best_acc": 48.68301540586106, "test_at_best": 50.588235294117645, "stable_acc": 48.31674208144797, "params": {"forget_times": 1, "ratio_l": 0.5, "avg_steps": 20, "sigma": 0.01, "times": 20, "ITERATION": 1}, "iteration": 1, "train_time": 562.2012100219727, "status": "ok"}, {"loss": -50.13574660633484, "best_acc": 48.31970933434316, "test_at_best": 50.13574660633484, "stable_acc": 48.13574660633484, "params": {"forget_times": 2, "ratio_l": 0.5, "avg_steps": 20, "sigma": 0.01, "times": 20, "ITERATION": 2}, "iteration": 2, "train_time": 518.8068737983704, "status": "ok"}, {"loss": -49.86425339366516, "best_acc": 48.86466844854952, "test_at_best": 49.86425339366516, "stable_acc": 48.081447963800905, "params": {"forget_times": 3, "ratio_l": 0.5, "avg_steps": 20, "sigma": 0.01, "times": 20, "ITERATION": 3}, "iteration": 3, "train_time": 719.4170925617218, "status": "ok"}, {"loss": -49.86425339366516, "best_acc": 48.86466844854952, "test_at_best": 49.86425339366516, "stable_acc": 47.918552036199095, "params": {"forget_times": 4, "ratio_l": 0.5, "avg_steps": 20, "sigma": 0.01, "times": 20, "ITERATION": 4}, "iteration": 4, "train_time": 535.975715637207, "status": "ok"}]}