{"best": {"sigma": 0.5, "ITERATION": 3}, "trials": [{"loss": -47.828054298642535, "best_acc": 48.864668490126604, "test_at_best": 47.828054298642535, "stable_acc": 41.529411764705884, "params": {"sigma": 0.1, "ITERATION": 1}, "iteration": 1, "train_time": 472.9788191318512, "status": "ok"}, {"loss": -48.73303167420814, "best_acc": 48.31970934820218, "test_at_best": 48.73303167420814, "stable_acc": 42.57013574660634, "params": {"sigma": 0.2, "ITERATION": 2}, "iteration": 2, "train_time": 557.0971851348877, "status": "ok"}, {"loss": -48.46153846153846, "best_acc": 48.228882812998926, "test_at_best": 48.46153846153846, "stable_acc": 45.12217194570136, "params": {"sigma": 0.5, "ITERATION": 3}, "iteration": 3, "train_time": 441.3744230270386, "status": "ok"}, {"loss": -44.34389140271493, "best_acc": 46.3215258924881, "test_at_best": 44.34389140271493, "stable_acc": 45.23981900452488, "params": {"sigma": 1, "ITERATION": 4}, "iteration": 4, "train_time": 499.2631983757019, "status": "ok"}]}