{"best": {"sigma": 1, "ITERATION": 3}, "trials": [{"loss": -51.44796380090498, "best_acc": 49.77293370356893, "test_at_best": 51.44796380090498, "stable_acc": 49.040723981900456, "params": {"sigma": 0.1, "ITERATION": 1}, "iteration": 1, "train_time": 488.09772539138794, "status": "ok"}, {"loss": -50.723981900452486, "best_acc": 49.86376019719511, "test_at_best": 50.723981900452486, "stable_acc": 49.556561085972845, "params": {"sigma": 0.2, "ITERATION": 2}, "iteration": 2, "train_time": 556.6473712921143, "status": "ok"}, {"loss": -52.80542986425339, "best_acc": 50.136239775086835, "test_at_best": 52.80542986425339, "stable_acc": 50.723981900452486, "params": {"sigma": 0.5, "ITERATION": 3}, "iteration": 3, "train_time": 501.8259975910187, "status": "ok"}, {"loss": -48.3710407239819, "best_acc": 49.77293367585088, "test_at_best": 48.3710407239819, "stable_acc": 48.886877828054295, "params": {"sigma": 1, "ITERATION": 4}, "iteration": 4, "train_time": 536.138986825943, "status": "ok"}]}