{"best": {"sigma": 0.5, "ITERATION": 3}, "trials": [{"loss": -39.366515837104075, "best_acc": 39.2370571999199, "test_at_best": 39.366515837104075, "stable_acc": 31.28506787330317, "params": {"sigma": 0.1, "ITERATION": 1}, "iteration": 1, "train_time": 480.23604917526245, "status": "ok"}, {"loss": -40.31674208144796, "best_acc": 37.87465937629166, "test_at_best": 40.31674208144796, "stable_acc": 33.095022624434385, "params": {"sigma": 0.2, "ITERATION": 2}, "iteration": 2, "train_time": 571.4439022541046, "status": "ok"}, {"loss": -40.452488687782804, "best_acc": 39.60036328529684, "test_at_best": 40.452488687782804, "stable_acc": 34.16289592760181, "params": {"sigma": 0.5, "ITERATION": 3}, "iteration": 3, "train_time": 462.4725031852722, "status": "ok"}, {"loss": -41.085972850678736, "best_acc": 40.326975428332645, "test_at_best": 41.085972850678736, "stable_acc": 36.13574660633485, "params": {"sigma": 1, "ITERATION": 4}, "iteration": 4, "train_time": 534.1127872467041, "status": "ok"}]}