{"best": {"q": 0.7, "ITERATION": 3}, "trials": [{"loss": -42.89592760180995, "best_acc": 42.14350586907632, "test_at_best": 42.89592760180995, "stable_acc": 30.12669683257919, "params": {"q": 0.1, "ITERATION": 1}, "iteration": 1, "train_time": 502.0142021179199, "status": "ok"}, {"loss": -38.28054298642534, "best_acc": 37.51135332209754, "test_at_best": 38.28054298642534, "stable_acc": 31.01357466063348, "params": {"q": 0.4, "ITERATION": 2}, "iteration": 2, "train_time": 471.80152225494385, "status": "ok"}, {"loss": -31.53846153846154, "best_acc": 31.607629407004374, "test_at_best": 31.53846153846154, "stable_acc": 27.52036199095023, "params": {"q": 0.7, "ITERATION": 3}, "iteration": 3, "train_time": 619.1254000663757, "status": "ok"}, {"loss": -28.642533936651585, "best_acc": 26.24886463383563, "test_at_best": 28.642533936651585, "stable_acc": 23.321266968325794, "params": {"q": 1.0, "ITERATION": 4}, "iteration": 4, "train_time": 666.8099389076233, "status": "ok"}]}