{"best": {"q": 0.7, "ITERATION": 3}, "trials": [{"loss": -50.542986425339365, "best_acc": 51.135331496014366, "test_at_best": 50.542986425339365, "stable_acc": 48.85067873303167, "params": {"q": 0.1, "ITERATION": 1}, "iteration": 1, "train_time": 564.1988806724548, "status": "ok"}, {"loss": -52.57918552036199, "best_acc": 49.86376019719511, "test_at_best": 52.57918552036199, "stable_acc": 49.04977375565611, "params": {"q": 0.4, "ITERATION": 2}, "iteration": 2, "train_time": 450.26334524154663, "status": "ok"}, {"loss": -51.53846153846154, "best_acc": 49.86376019719511, "test_at_best": 51.53846153846154, "stable_acc": 49.59276018099548, "params": {"q": 0.7, "ITERATION": 3}, "iteration": 3, "train_time": 590.1096198558807, "status": "ok"}, {"loss": -45.067873303167424, "best_acc": 46.049046286878315, "test_at_best": 45.067873303167424, "stable_acc": 44.79638009049774, "params": {"q": 1.0, "ITERATION": 4}, "iteration": 4, "train_time": 667.0530066490173, "status": "ok"}]}